{
    "bhop": false,
    "bomb_timer": false,
    "color_esp": [
        1.0,
        0.0,
        0.0,
        0.0
    ],
    "color_skeleton": [
        1.0,
        1.0,
        1.0,
        0.0
    ],
    "color_snapline": [
        1.0,
        0.0,
        0.0,
        0.0
    ],
    "combo_index": 0,
    "combo_index_esp": 0,
    "combo_index_skeleton_color": 7,
    "custom_radar": false,
    "distance_to_head": 75.0,
    "enable_aimbot": false,
    "enable_aimlock": false,
    "enable_bhop": true,
    "enable_esp": false,
    "enable_fov": true,
    "enable_name_esp": true,
    "enable_radar": true,
    "enable_skeleton": true,
    "enable_slow_fov": false,
    "enable_snaplines": false,
    "enable_thirdperson": false,
    "enemy_armor_bar_esp": false,
    "enemy_health_bar_esp": true,
    "enemy_snaplines": false,
    "fov_radius": 36.900001525878906,
    "fov_value": 114,
    "game_radar": false,
    "health_text_esp": false,
    "hit_chance": 100.0,
    "line_index": 4.0,
    "menu_background_color": [
        0.05000000074505806,
        0.05000000074505806,
        0.05000000074505806,
        1.0
    ],
    "menu_border_color": [
        0.25,
        0.25,
        0.25,
        1.0
    ],
    "menu_button_active_color": [
        0.30000001192092896,
        0.30000001192092896,
        0.30000001192092896,
        1.0
    ],
    "menu_button_color": [
        0.10000000149011612,
        0.10000000149011612,
        0.10000000149011612,
        1.0
    ],
    "menu_button_hovered_color": [
        0.20000000298023224,
        0.20000000298023224,
        0.20000000298023224,
        1.0
    ],
    "menu_checkbox_active_color": [
        0.4000000059604645,
        0.4000000059604645,
        0.4000000059604645,
        1.0
    ],
    "menu_checkbox_color": [
        0.20000000298023224,
        0.20000000298023224,
        0.20000000298023224,
        1.0
    ],
    "menu_checkbox_hovered_color": [
        0.30000001192092896,
        0.30000001192092896,
        0.30000001192092896,
        1.0
    ],
    "menu_header_color": [
        0.10000000149011612,
        0.10000000149011612,
        0.10000000149011612,
        1.0
    ],
    "menu_progress_color": [
        0.25,
        0.25,
        0.25,
        1.0
    ],
    "menu_progress_filled_color": [
        0.3499999940395355,
        0.3499999940395355,
        0.3499999940395355,
        1.0
    ],
    "menu_radio_active_color": [
        0.4000000059604645,
        0.4000000059604645,
        0.4000000059604645,
        1.0
    ],
    "menu_radio_color": [
        0.20000000298023224,
        0.20000000298023224,
        0.20000000298023224,
        1.0
    ],
    "menu_radio_hovered_color": [
        0.30000001192092896,
        0.30000001192092896,
        0.30000001192092896,
        1.0
    ],
    "menu_scrollbar_color": [
        0.15000000596046448,
        0.15000000596046448,
        0.15000000596046448,
        1.0
    ],
    "menu_scrollbar_grab_active_color": [
        0.4000000059604645,
        0.4000000059604645,
        0.4000000059604645,
        1.0
    ],
    "menu_scrollbar_grab_color": [
        0.20000000298023224,
        0.20000000298023224,
        0.20000000298023224,
        1.0
    ],
    "menu_scrollbar_grab_hovered_color": [
        0.30000001192092896,
        0.30000001192092896,
        0.30000001192092896,
        1.0
    ],
    "menu_slider_active_color": [
        0.5,
        0.5,
        0.5,
        1.0
    ],
    "menu_slider_color": [
        0.30000001192092896,
        0.30000001192092896,
        0.30000001192092896,
        1.0
    ],
    "menu_slider_hovered_color": [
        0.4000000059604645,
        0.4000000059604645,
        0.4000000059604645,
        1.0
    ],
    "menu_tab_active_color": [
        0.3499999940395355,
        0.3499999940395355,
        0.3499999940395355,
        1.0
    ],
    "menu_tab_color": [
        0.15000000596046448,
        0.15000000596046448,
        0.15000000596046448,
        1.0
    ],
    "menu_tab_hovered_color": [
        0.25,
        0.25,
        0.25,
        1.0
    ],
    "menu_text_color": [
        1.0,
        1.0,
        1.0,
        1.0
    ],
    "menu_title_color": [
        0.4000000059604645,
        0.4000000059604645,
        0.4000000059604645,
        1.0
    ],
    "menu_tooltip_color": [
        0.20000000298023224,
        0.20000000298023224,
        0.20000000298023224,
        1.0
    ],
    "menu_tooltip_text_color": [
        1.0,
        1.0,
        1.0,
        1.0
    ],
    "no_flash": true,
    "primary_color": [
        0.800000011920929,
        0.0,
        0.0,
        1.0
    ],
    "show_menu": true,
    "smooth_index": 2.9000000953674316,
    "team_snaplines": false,
    "triggerbot": false
}